entity_type,Dimension,Subcategory,DeepSeek-V3.2,GPT-5.1,Gemini~3~Pro
model,Architecture,Generative,-1.4227536452864662,5.322403683550132,1.8095344253518455
model,Architecture,Transformer (all),1.6055603144241672,-5.010637046856459,-1.7236865452949388
