heuristic,assumption,n_consensus,precision_pct,recall_pct,specificity_pct,f1_pct
Singleton filter,Conservative,238,7.5,100.0,68.10344827586206,13.953488372093023
Singleton filter,Liberal,238,7.5,100.0,68.10344827586206,13.953488372093023
Title-match filter,Conservative,238,100.0,16.666666666666664,100.0,28.57142857142857
Title-match filter,Liberal,238,100.0,16.666666666666664,100.0,28.57142857142857
Combined filter,Conservative,238,100.0,16.666666666666664,100.0,28.57142857142857
Combined filter,Liberal,238,100.0,16.666666666666664,100.0,28.57142857142857
