entity_type,n_consensus,pre_existing_pct,paper_introduced_pct,paper_specific_pct,unclear_pct,kappa,n_pairwise
Datasets,81,97.53086419753086,2.4691358024691357,0.0,0.0,0.14259927797833966,100
Models,103,97.0873786407767,1.9417475728155338,0.9708737864077669,0.0,0.20467836257309902,120
Metrics,54,98.14814814814815,1.8518518518518516,0.0,0.0,-0.003861003861003779,80
Overall,238,97.47899159663865,2.100840336134454,0.42016806722689076,0.0,0.1083413231064241,300
